{"cameraMode":{"drawMode":0,"name":"Shaded","section":"Shading Mode"},"sceneLighting":true,"audioPlay":false,"sceneViewState":{"m_AlwaysRefresh":false,"showFog":true,"showSkybox":true,"showFlares":true,"showImageEffects":true,"showParticleSystems":true,"showVisualEffectGraphs":true,"m_FxEnabled":true},"in2DMode":false,"pivot":{"x":3.403775930404663,"y":-3.5673999786376955,"z":0.30376625061035159},"rotation":{"x":-0.4486629366874695,"y":-0.011531682685017586,"z":0.005789098329842091,"w":-0.8936101794242859},"size":28.99155044555664,"orthographic":false}